{"_runtime":13.9278437,"_step":1,"train/loss":2.816415548324585,"_timestamp":1.7441334831425686e+09,"_wandb":{"runtime":13}}