{"train/lr":0,"eval/accuracy":0.992648720741272,"eval/loss":0.5925896167755127,"_wandb":{"runtime":486},"train/loss":0.6118125319480896,"_timestamp":1.7441291115854988e+09,"_runtime":486.4066838,"_step":40000}