{"_step":10000,"train/lr":0,"eval/accuracy":0.9094347953796387,"eval/loss":0.7793824076652527,"_wandb":{"runtime":235},"train/loss":0.7912135124206543,"_timestamp":1.744088813147011e+09,"_runtime":235.2324533}