{"_step":100,"train/lr":2e-05,"_wandb":{"runtime":13},"train/loss":2.8274645805358887,"_timestamp":1.7440886584094894e+09,"_runtime":13.3505887}