{"_timestamp":1.7441439078820832e+09,"train/accuracy":0.06975837796926498,"train/op-accuracy":0.078125,"_wandb":{"runtime":21},"_runtime":21.9506993,"_step":75,"train/loss":3.0190787315368652}