{"_timestamp":1.7441648198888245e+09,"_step":60000,"train/accuracy":0.8870469927787781,"_runtime":2700.1754067,"eval/accuracy":0.8993135690689087,"_wandb":{"runtime":2700},"train/loss":0.301784485578537,"eval/op-accuracy":0.12109375,"train/lr":0,"train/op-accuracy":0.0859375,"eval/loss":0.2561403214931488}