{"_step":1,"_wandb":{"runtime":16},"train/loss":2.987337827682495,"_timestamp":1.7441305486232584e+09,"_runtime":16.2078875}